ID,Gender,Gender-B,Percent_SSC,Board_SSC,Board_CBSE,Board_ICSE,Percent_HSC,Board_HSC,Stream_HSC,Percent_Degree,Course_Degree,Degree_Engg,Experience_Yrs,Entrance_Test,S-TEST,Percentile_ET,Percent_MBA,S-TEST_SCORE,Specialization_MBA,Marks_Communication,Marks_Projectwork,Marks_BOCA,Placement,Salary
1,M,0,68.4,ICSE,0,1,85.6,ISC,Commerce,72,Commerce,0,1,CAT,1,70,63.26,70,Marketing & Finance,75,72,57,1,280000
2,M,0,59,CBSE,1,0,62,CBSE,Commerce,50,Commerce,0,0,CAT,1,79,56.51,79,Marketing & Finance,58,61,50,1,400000
4,M,0,65.92,Others,0,0,86,Others,Commerce,72,Commerce,0,1,K-MAT,1,66,66.22,66,Marketing & Finance,80,63,55,1,350000
5,F,1,56,ICSE,0,1,78,ISC,Commerce,62.4,Management,0,0,MAT,1,50.89,62.21,50.89,Marketing & HR,57,70,60,1,278000
8,M,0,62.6,Others,0,0,50.6,Others,Commerce,52,Management,0,0,MAT,1,34.53,58.63,34.53,Marketing & HR,62,57,56,1,162000
10,F,1,70,Others,0,0,55,Others,Science,62,Management,0,0,MAT,1,89,60.5,89,Marketing & Finance,50,79,70,1,216000
13,M,0,37,Others,0,0,53,Others,Commerce,60,Commerce,0,0,MAT,1,48,52.64,48,Marketing & IB,57,71,58,1,250000
14,M,0,73.5,Others,0,0,94.7,Others,Science,76.86,Engineering,1,0,MAT,1,97.4,74.01,97.4,Marketing & Finance,60,69,82,1,360000
16,F,1,56,ICSE,0,1,72,ISC,Commerce,72,Commerce,0,0,MAT,1,43,58.73,43,Marketing & Finance,58,73,61,1,275000
17,M,0,55,Others,0,0,53,Others,Arts,65,Management,0,0,MAT,1,60,58.52,60,Marketing & Finance,54,75,50,0,0
19,M,0,52,CBSE,1,0,51,Others,Science,62,Management,0,1,,0,0,57.74,0,Marketing & HR,58,64,52,1,200000
20,F,1,76,Others,0,0,56,Others,Science,73.5,Engineering,1,1,MAT,1,70,68.2,70,Marketing & Finance,55,76,61,1,210000
21,M,0,59.6,CBSE,1,0,80.83,Others,Commerce,67.72,Commerce,0,0,MAT,1,86,59.75,86,Marketing & Finance,54,68,60,1,218000
23,M,0,66,CBSE,1,0,66.33,CBSE,Commerce,66.72,Commerce,0,0,,0,0,66.92,0,Marketing & Finance,70,73,64,1,428000
24,M,0,78,Others,0,0,63,Others,Science,58,Engineering,1,0,MAT,1,93,62.56,93,Marketing & Finance,58,67,70,1,411000
25,M,0,55,Others,0,0,66.4,Others,Commerce,55.4,Commerce,0,0,MAT,1,68,66.88,68,Marketing & Finance,55,70,62,1,240000
26,M,0,60,CBSE,1,0,80,Others,Commerce,84,Commerce,0,0,K-MAT,1,95.5,72.97,95.5,Marketing & HR,83,76,74,1,690000
27,F,1,64,ICSE,0,1,70,Others,Commerce,83.5,Commerce,0,0,MAT,1,74,67,74,Marketing & HR,66,64,64,1,190000
30,M,0,63,ICSE,0,1,73,ISC,Commerce,72,Commerce,0,0,MAT,1,80,63.59,80,Marketing & Finance,60,72,58,1,360000
31,M,0,68,Others,0,0,80,Others,Commerce,70,Commerce,0,0,,0,0,58.94,0,Marketing & Finance,54,56,50,1,300000
32,M,0,60.6,Others,0,0,54,Others,Commerce,59.5,Management,0,0,MAT,1,57.63,62.72,57.63,Marketing & HR,63,58,58,1,180000
33,M,0,59,Others,0,0,64,ISC,Commerce,63,Management,0,0,CAT,1,29,53.57,29,Marketing & HR,55,73,63,1,260000
38,M,0,50,Others,0,0,53,Others,Commerce,55,Management,0,0,MAT,1,58,53.94,58,Marketing & HR,50,70,55,1,250000
39,F,1,49.8,CBSE,1,0,51.2,CBSE,Commerce,46.22,Commerce,0,2,,0,0,57.32,0,Marketing & Finance,50,79,79,0,0
40,F,1,50,CBSE,1,0,69,CBSE,Commerce,42,Arts,0,0,,0,0,56.45,0,Marketing & HR,50,72,57,0,0
41,M,0,48,Others,0,0,50,Others,Commerce,53,Management,0,1,MAT,1,47.41,64.63,47.41,Marketing & HR,69,75,51,1,282000
42,M,0,56,ICSE,0,1,58,ISC,Commerce,67,Management,0,0,,0,0,65.28,0,Marketing & Finance,62,77,77,0,0
44,M,0,78,Others,0,0,78,Others,Science,51,Science,0,0,,0,0,55.02,0,Marketing & Finance,54,56,50,1,216000
45,M,0,66,Others,0,0,76,Others,Commerce,60,Management,0,1,MAT,1,94,57.55,94,Marketing & Finance,51,60,71,1,240000
46,M,0,68,Others,0,0,68,Others,Science,70,Engineering,1,0,CAT,1,68,67.31,68,Marketing & Finance,53,76,78,1,300000
48,F,1,60,CBSE,1,0,72,CBSE,Commerce,65,Management,0,1,MAT,1,72,64.66,72,Marketing & Finance,57,74,81,1,200000
49,M,0,73,CBSE,1,0,77,CBSE,Science,76,Science,0,1,MAT,1,97,70.48,97,Marketing & HR,66,62,78,1,276000
50,M,0,46,Others,0,0,58,Others,Commerce,49,Commerce,0,1,,0,0,56.78,0,Marketing & HR,56,75,70,1,300000
51,M,0,62,ICSE,0,1,66,CBSE,Science,60.33,Arts,0,1,MAT,1,64,61.26,64,Marketing & HR,53,56,80,1,250000
53,F,1,43.89,Others,0,0,48.83,Others,Commerce,55,Commerce,0,2,MAT,1,71.2,65.49,71.2,Marketing & HR,66,74,53,0,0
54,M,0,58,Others,0,0,62,Others,Commerce,62,Management,0,0,MAT,1,68,57.69,68,Marketing & HR,54,70,58,1,265000
55,F,1,58.8,Others,0,0,45,Others,Science,57.7,Management,0,1,,0,0,60,0,Marketing & HR,57,71,59,1,120000
58,F,1,58.29,Others,0,0,55,Others,Science,61,Management,0,0,K-MAT,1,71,56.81,71,Marketing & Finance,64,66,57,0,0
60,M,0,58,Others,0,0,62,Others,Science,58,Engineering,1,0,MAT,1,75,66.46,75,Marketing & Finance,63,61,65,1,500000
61,F,1,59,ICSE,0,1,85.6,Others,Commerce,75.2,Management,0,0,MAT,1,95.65,66.94,95.65,Marketing & Finance,73,66,63,0,0
62,M,0,56,Others,0,0,59,Others,Science,65,Science,0,2,MAT,1,60,60.64,60,Marketing & HR,54,62,74,0,0
63,M,0,84,Others,0,0,84,Others,Commerce,64,Commerce,0,0,MAT,1,95,62.9,95,Marketing & HR,68,59,72,1,300000
64,M,0,64,Others,0,0,60,Others,Commerce,51,Management,0,0,MAT,1,73,55.8,73,Marketing & IB,56,57,53,1,265000
65,F,1,76,Others,0,0,50,Others,Science,75,Computer Applications,0,1,,0,0,66,0,Marketing & HR,60,66,75,1,300000
66,M,0,58,ICSE,0,1,78,ISC,Commerce,63,Commerce,0,0,,0,0,60.29,0,Marketing & Finance,54,62,53,0,0
67,M,0,62,Others,0,0,62,Others,Commerce,71,Commerce,0,3,MAT,1,59,69.72,59,Marketing & Finance,63,71,61,1,295000
71,M,0,60.6,CBSE,1,0,66.6,CBSE,Commerce,55.7,Management,0,0,K-MAT,1,76.2,58.67,76.2,Marketing & HR,54,66,57,1,270000
72,M,0,74,CBSE,1,0,65,CBSE,Commerce,53,Management,0,1,MAT,1,58,54.43,58,Marketing & Finance,50,70,54,1,220000
76,M,0,60,CBSE,1,0,74,CBSE,Commerce,65,Management,0,0,MAT,1,60,61.82,60,Marketing & HR,57,72,50,1,276000
78,M,0,78.7,Others,0,0,55,Others,Science,63,Management,0,1,MAT,1,86,70.2,86,Marketing & Finance,66,64,75,1,300000
79,M,0,37.33,Others,0,0,47.4,Others,Commerce,35.5,Commerce,0,0,,0,0,54.78,0,Marketing & HR,50,57,50,1,240000
80,F,1,65,CBSE,1,0,78,Others,Commerce,75,Commerce,0,1,CAT,1,53,60.91,53,Marketing & Finance,56,73,69,1,300000
81,M,0,69,Others,0,0,51,Others,Commerce,69,Management,0,1,MAT,1,60,56.7,60,Marketing & HR,52,60,72,1,240000
82,M,0,77,Others,0,0,65,Others,Science,70,Science,0,0,MAT,1,87,71.04,87,Marketing & HR,70,73,84,1,450000
84,M,0,47.5,Others,0,0,59,Others,Arts,54.5,Arts,0,1,,0,0,52.43,0,Marketing & Finance,54,64,56,1,180000
85,M,0,61,ICSE,0,1,73,ISC,Commerce,68,Commerce,0,1,MAT,1,84,58.95,84,Marketing & HR,50,59,59,1,275000
86,M,0,48,Others,0,0,54,Others,Science,58,Management,0,0,MAT,1,39,52.42,39,Marketing & HR,50,70,53,1,204000
87,F,1,64,Others,0,0,68,Others,Science,61,Engineering,1,0,MAT,1,24.38,62.83,24.38,Marketing & HR,57,75,54,0,0
89,M,0,44,Others,0,0,72,Others,Commerce,59,Management,0,0,MAT,1,41,58.75,41,Marketing & IB,50,58,57,1,240000
90,M,0,44.6,CBSE,1,0,60.58,Others,Science,68.11,Computer Applications,0,0,MAT,1,57.6,56.66,57.6,Marketing & Finance,54,63,62,1,265000
93,M,0,61.5,ICSE,0,1,57.5,ISC,Commerce,54.9,Management,0,0,MAT,1,93.4,55.03,93.4,Marketing & Finance,51,50,77,1,300000
94,M,0,84.2,CBSE,1,0,67.8,CBSE,Science,55,Engineering,1,1,K-MAT,1,84,70.71,84,Marketing & IB,72,63,70,1,300000
95,M,0,50,CBSE,1,0,57,CBSE,Commerce,58,Commerce,0,0,MAT,1,53.88,54.97,53.88,Marketing & Finance,62,64,64,1,260000
96,M,0,54,Others,0,0,52,Others,Science,62,Science,0,2,K-MAT,1,86,61.79,86,Marketing & HR,67,79,68,1,480000
98,M,0,62,Others,0,0,55,CBSE,Commerce,70,Commerce,0,0,MAT,1,56,60.41,56,Marketing & HR,53,76,54,1,225000
100,M,0,45,CBSE,1,0,55,Others,Science,54,Management,0,1,MAT,1,70,53.2,70,Marketing & Finance,53,62,53,1,250000
101,M,0,53.8,Others,0,0,46.3,Others,Science,66.1,Management,0,0,MAT,1,30.71,56,30.71,Marketing & Finance,53,55,55,0,0
103,F,1,85.8,CBSE,1,0,69,CBSE,Science,68.2,Engineering,1,0,MAT,1,75.5,72.14,75.5,Marketing & HR,74,78,69,0,0
105,M,0,54,Others,0,0,54,Others,Science,59,Management,0,0,MAT,1,39,51.73,39,Marketing & HR,50,68,50,1,180000
107,M,0,60.4,ICSE,0,1,51.8,ISC,Commerce,74.8,Commerce,0,0,K-MAT,1,94.3,51.24,94.3,Marketing & Finance,53,50,50,1,390000
110,M,0,57,Others,0,0,60,Others,Commerce,60.3,Management,0,0,MAT,1,59,64.74,59,Marketing & Finance,67,66,59,0,0
112,M,0,83,Others,0,0,51,Others,Science,51,Engineering,1,0,CAT,1,33,58.21,33,Marketing & HR,50,68,63,1,450000
113,M,0,77.44,Others,0,0,77.83,Others,Commerce,71,Management,0,0,,0,0,67.53,0,Marketing & Finance,60,76,77,1,240000
114,F,1,72,ICSE,0,1,57.8,Others,Science,49.8,Management,0,1,,0,0,53.47,0,Marketing & HR,73,58,50,1,240000
115,F,1,85.8,CBSE,1,0,85,CBSE,Science,88.8,Management,0,0,MAT,1,96.16,77.3,96.16,Marketing & HR,88,80,63,1,300000
116,M,0,53.44,Others,0,0,51.66,Others,Commerce,57,Commerce,0,0,,0,0,52.82,0,Marketing & Finance,54,53,50,1,180000
117,M,0,73,Others,0,0,48,Others,Science,56,Commerce,0,0,,0,0,60.03,0,Marketing & HR,50,73,58,1,300000
118,M,0,74.81,ICSE,0,1,75.32,ISC,Commerce,48.23,Commerce,0,0,MAT,1,83,53.37,83,Marketing & Finance,54,60,53,1,267000
121,M,0,72,Others,0,0,49,Others,Commerce,47,Commerce,0,1,MAT,1,98,60.04,98,Marketing & Finance,50,60,62,1,270000
122,M,0,61,Others,0,0,53,Others,Commerce,65,Management,0,0,MAT,1,46.47,59.14,46.47,Marketing & HR,54,69,57,0,0
124,F,1,68,Others,0,0,48,Others,Science,72,Computer Applications,0,0,,0,0,63.83,0,Marketing & HR,58,64,81,0,0
125,F,1,74,Others,0,0,68,Others,Commerce,79,Management,0,1,MAT,1,89,69.7,89,Marketing & Finance,68,77,76,1,200000
126,F,1,64,CBSE,1,0,75,CBSE,Commerce,70,Commerce,0,0,MAT,1,71,62.74,71,Marketing & HR,63,71,62,1,300000
128,M,0,52,CBSE,1,0,57,CBSE,Commerce,47,Management,0,1,MAT,1,83,57.61,83,Marketing & Finance,50,74,74,1,150000
130,M,0,52.8,CBSE,1,0,63.4,CBSE,Commerce,58.6,Management,0,2,MAT,1,82.66,64.34,82.66,Marketing & Finance,58,74,68,1,940000
131,M,0,59,CBSE,1,0,75,CBSE,Commerce,65,Management,0,0,MAT,1,35,62.51,35,Marketing & Finance,59,76,56,1,224000
134,F,1,84,Others,0,0,60,Others,Science,79,Management,0,1,MAT,1,88,72.78,88,Marketing & Finance,73,83,77,1,260000
135,M,0,49,Others,0,0,55,Others,Science,57,Science,0,1,MAT,1,49,58.56,49,Marketing & Finance,50,59,55,1,120000
136,M,0,61,CBSE,1,0,55,ISC,Science,54,Engineering,1,1,MAT,1,66,59.43,66,Marketing & HR,52,65,67,1,180000
138,M,0,60,ICSE,0,1,59.8,Others,Commerce,65.5,Commerce,0,1,MAT,1,56,56.94,56,Marketing & Finance,57,65,50,1,265000
140,F,1,69,Others,0,0,55,Others,Commerce,61,Commerce,0,1,XAT,1,74,68.68,74,Marketing & Finance,63,79,74,1,300000
142,F,1,83.5,Others,0,0,59.2,Others,Science,63.4,Science,0,0,MAT,1,59,59.69,59,Marketing & Finance,62,79,71,1,240000
145,F,1,57.58,Others,0,0,59.6,CBSE,Commerce,50.2,Commerce,0,1,MAT,1,76,65.33,76,Marketing & Finance,65,75,69,1,180000
146,M,0,76.33,ICSE,0,1,75.33,Others,Science,75.48,Computer Applications,0,1,MAT,1,86.5,66.28,86.5,Marketing & Finance,69,70,75,1,200000
147,M,0,70,CBSE,1,0,55,Others,Science,72,Management,0,0,CAT,1,50,67.94,50,Marketing & Finance,77,70,54,0,0
149,M,0,75.5,ICSE,0,1,60.5,ISC,Science,63,Engineering,1,1,MAT,1,95,64.86,95,Marketing & Finance,68,81,70,1,280000
150,F,1,62.16,ICSE,0,1,67.5,ISC,Commerce,57.35,Commerce,0,0,MAT,1,53.04,65.52,53.04,Marketing & Finance,63,74,56,1,250000
151,M,0,82,ICSE,0,1,52,Others,Science,71.43,Science,0,1,MAT,1,60,61.29,60,Marketing & Finance,66,56,57,1,260000
155,F,1,76,Others,0,0,73,Others,Commerce,83,Commerce,0,0,MAT,1,95,69.06,95,Marketing & Finance,78,73,80,1,393000
156,F,1,77.7,CBSE,1,0,50,CBSE,Commerce,78.7,Computer Applications,0,0,MAT,1,79,59.24,79,Marketing & HR,58,64,74,1,150000
157,M,0,80.33,ICSE,0,1,75,Others,Commerce,55,Commerce,0,1,MAT,1,88.56,71.55,88.56,Marketing & Finance,74,77,54,1,300000
158,M,0,60,CBSE,1,0,66.5,Others,Commerce,56.8,Management,0,1,MAT,1,57,56.6,57,Marketing & Finance,50,72,65,1,265000
161,M,0,59,Others,0,0,77,Others,Science,59,Engineering,1,1,MAT,1,69,57.65,69,Marketing & Finance,57,79,62,1,500000
163,M,0,70.24,Others,0,0,42.83,Others,Science,60.27,Engineering,1,2,MAT,1,64,66.23,64,Marketing & Finance,65,82,79,1,500000
164,F,1,64.5,CBSE,1,0,65,ISC,Science,68,Computer Applications,0,0,MAT,1,57.2,54.8,57.2,Marketing & HR,61,75,50,1,250000
165,M,0,68,CBSE,1,0,59,Others,Commerce,75,Management,0,1,MAT,1,65,60.98,65,Marketing & HR,55,69,58,1,250000
166,M,0,52,Others,0,0,54,Others,Commerce,58,Management,0,0,,0,0,51.75,0,Marketing & HR,53,51,50,1,120000
167,M,0,62,Others,0,0,60,Others,Science,62,Computer Applications,0,1,MAT,1,40,55.67,40,Marketing & HR,53,68,62,1,198000
169,M,0,57,Others,0,0,73,Others,Arts,59,Arts,0,1,MAT,1,75,59.81,75,Marketing & Finance,53,67,62,0,0
170,F,1,52,Others,0,0,52.8,Others,Commerce,59.52,Management,0,0,MAT,1,33.91,62.42,33.91,Marketing & Finance,68,68,66,0,0
175,F,1,55.23,CBSE,1,0,64,CBSE,Science,60,Management,0,0,MAT,1,72,59.47,72,Marketing & Finance,54,73,63,1,230000
180,M,0,66,Others,0,0,46,Others,Commerce,65,Management,0,0,PGCET,1,0,54.65,0,Marketing & Finance,53,60,65,0,0
184,M,0,52,Others,0,0,42,CBSE,Science,69,Others,0,0,MAT,1,63,51.21,63,Marketing & Finance,51,50,50,0,0
185,M,0,59,Others,0,0,50,Others,Science,59,Management,0,0,MAT,1,89.69,57.1,89.69,Marketing & HR,55,63,59,1,120000
188,M,0,56.4,Others,0,0,66.83,Others,Commerce,48.42,Commerce,0,0,MAT,1,97.33,62.27,97.33,Marketing & Finance,72,80,65,1,275000
190,M,0,78,Others,0,0,47,Others,Science,53,Engineering,1,0,K-MAT,1,84,56.12,84,Marketing & Finance,60,66,68,1,325000
191,F,1,82.3,Others,0,0,73,Others,Science,72.3,Science,0,1,,0,0,69.35,0,Marketing & Finance,74,68,84,1,295000
192,F,1,69,Others,0,0,61,Others,Commerce,52,Commerce,0,0,MAT,1,70,60.23,70,Marketing & HR,59,61,60,1,204000
193,F,1,79.6,Others,0,0,87,ISC,Commerce,72.35,Management,0,0,K-MAT,1,98.69,69.78,98.69,Marketing & HR,71,67,60,0,0
196,F,1,61.28,Others,0,0,70.83,Others,Commerce,63.79,Management,0,0,MAT,1,60,57.29,60,Marketing & HR,54,67,69,0,0
197,F,1,55,Others,0,0,57,Others,Science,57,Science,0,1,MAT,1,67,59.32,67,Marketing & HR,50,67,59,1,162000
199,F,1,74.44,ICSE,0,1,89,Others,Commerce,70,Commerce,0,1,MAT,1,94,67.13,94,Marketing & Finance,70,69,63,1,250000
200,M,0,54,Others,0,0,55,Others,Commerce,58,Management,0,0,MAT,1,67,57.03,67,Marketing & Finance,58,72,57,1,220000
201,F,1,75,ICSE,0,1,74,Others,Commerce,78,Commerce,0,0,MAT,1,60,66.72,60,Marketing & Finance,71,69,67,1,287000
202,M,0,40.53,Others,0,0,64.75,Others,Commerce,54.35,Commerce,0,1,,0,0,54.35,0,Marketing & Finance,52,73,67,1,144000
204,M,0,44,CBSE,1,0,45,CBSE,Science,64,Management,0,0,MAT,1,97,53.39,97,Marketing & Finance,60,58,58,0,0
205,M,0,78,Others,0,0,70,CBSE,Science,57,Engineering,1,1,,0,0,66.28,0,Marketing & HR,75,70,59,1,250000
207,F,1,84,ICSE,0,1,87,ISC,Commerce,75,Management,0,0,CAT,1,80,72.21,80,Marketing & Finance,79,67,64,0,0
211,F,1,70,Others,0,0,54,Others,Science,65,Others,0,2,,0,0,59.8,0,Marketing & HR,63,56,50,1,260000
212,F,1,68,CBSE,1,0,69,CBSE,Commerce,40,Commerce,0,0,MAT,1,74,62.8,74,Marketing & HR,55,59,82,1,180000
213,F,1,74.4,Others,0,0,52,Others,Science,58.74,Science,0,1,MAT,1,92,63.62,92,Marketing & Finance,62,87,73,1,300000
214,M,0,77,CBSE,1,0,69.2,CBSE,Commerce,61,Commerce,0,0,,0,0,57.16,0,Marketing & HR,58,56,63,0,0
217,M,0,58,Others,0,0,54.5,Others,Commerce,49.85,Commerce,0,0,,0,0,62.89,0,Marketing & Finance,55,67,73,1,350000
220,F,1,84,CBSE,1,0,72,CBSE,Science,78,Science,0,0,MAT,1,58,66.53,58,Marketing & HR,71,58,50,1,180000
221,M,0,44.4,Others,0,0,60.6,Others,Commerce,61,Management,0,0,K-MAT,1,63,56.98,63,Marketing & Finance,52,62,54,1,250000
222,F,1,37.3,Others,0,0,44.4,Others,Commerce,35,Commerce,0,0,,0,0,61.66,0,Marketing & Finance,62,66,69,0,0
224,M,0,61,ICSE,0,1,50,ISC,Science,62,Science,0,2,,0,0,61.22,0,Marketing & HR,52,61,80,0,0
225,M,0,64,CBSE,1,0,55,Others,Science,59,Management,0,1,MAT,1,55,58.23,55,Marketing & HR,59,72,68,1,360000
227,M,0,63,ICSE,0,1,78,ISC,Commerce,65,Management,0,0,MAT,1,54,52.21,54,Marketing & Finance,53,74,50,1,120000
229,F,1,61.5,ICSE,0,1,61.8,ISC,Arts,65.3,Management,0,2,MAT,1,80.4,71,80.4,Marketing & Finance,83,73,64,1,236000
231,M,0,68,CBSE,1,0,75,CBSE,Commerce,80,Management,0,0,MAT,1,82,60.44,82,Marketing & Finance,65,77,57,1,168000
233,F,1,77,ICSE,0,1,79,ISC,Commerce,86.7,Management,0,1,K-MAT,1,95,67.83,95,Marketing & Finance,75,79,75,1,450000
234,M,0,60,ICSE,0,1,65,Others,Science,67,Arts,0,1,,0,0,55.4,0,Marketing & HR,50,67,50,1,220000
238,M,0,53.43,Others,0,0,64.93,Others,Commerce,53,Management,0,1,GCET,1,40,60.76,40,Marketing & Finance,51,73,66,1,204000
239,M,0,73.76,Others,0,0,73.5,Others,Commerce,63.5,Management,0,2,MAT,1,73.35,64.15,73.35,Marketing & Finance,68,78,65,1,350000
240,M,0,81.2,CBSE,1,0,64.4,CBSE,Science,59,Engineering,1,1,MAT,1,80,52.72,80,Marketing & HR,62,67,65,1,255000
242,M,0,56,Others,0,0,42,ISC,Science,59,Computer Applications,0,2,,0,0,51.48,0,Marketing & Finance,50,53,55,0,0
243,M,0,73.4,Others,0,0,75,Others,Science,64.38,Management,0,1,CAT,1,78,76.72,78,Marketing & HR,87,79,65,1,250000
244,M,0,50,ICSE,0,1,64,Others,Commerce,50,Commerce,0,0,CAT,1,13,57.76,13,Marketing & Finance,50,76,50,1,400000
245,M,0,63.2,CBSE,1,0,67.8,CBSE,Commerce,62.6,Commerce,0,2,MAT,1,96,70.85,96,Marketing & Finance,53,76,72,1,300000
247,M,0,67,Others,0,0,76,Others,Commerce,60,Management,0,0,MAT,1,48.38,50.83,48.38,Marketing & HR,54,57,51,0,0
248,M,0,64,ICSE,0,1,69,Others,Science,60,Engineering,1,0,MAT,1,85,55.3,85,Marketing & HR,54,64,57,0,0
250,M,0,56.5,Others,0,0,61,Others,Commerce,60,Management,0,1,,0,0,59.5,0,Marketing & HR,52,69,67,1,210000
251,M,0,69.2,CBSE,1,0,84.6,Others,Commerce,75.25,Commerce,0,1,MAT,1,75.2,66.06,75.2,Marketing & Finance,66,74,55,1,285000
252,M,0,75,Others,0,0,65,Others,Science,59,Computer Applications,0,1,,0,0,56.19,0,Marketing & Finance,57,50,71,0,0
253,M,0,81.2,CBSE,1,0,70.4,CBSE,Commerce,62.89,Commerce,0,0,MAT,1,61.6,62.48,61.6,Marketing & Finance,60,77,62,1,300000
257,F,1,76,CBSE,1,0,73,CBSE,Science,59.6,Engineering,1,0,MAT,1,58,55.47,58,Marketing & HR,58,59,58,1,320000
260,M,0,75.9,Others,0,0,70,Others,Science,73,Engineering,1,1,MAT,1,58.1,75.71,58.1,Marketing & Finance,70,74,71,0,0
261,F,1,52,Others,0,0,59,Others,Arts,38,Arts,0,1,MAT,1,40,62.01,40,Marketing & HR,52,69,64,1,276000
262,M,0,48.6,CBSE,1,0,59.8,CBSE,Commerce,66.2,Management,0,0,MAT,1,84.27,67.2,84.27,Marketing & Finance,52,70,71,1,336000
263,M,0,82.8,CBSE,1,0,70.6,CBSE,Commerce,69.3,Commerce,0,0,MAT,1,96.8,55.5,96.8,Marketing & Finance,65,76,70,1,425000
264,M,0,77.92,Others,0,0,75.5,Others,Commerce,63,Commerce,0,0,MAT,1,68.71,60.99,68.71,Marketing & Finance,67,77,60,1,275000
268,M,0,57,ICSE,0,1,62,ISC,Commerce,52.8,Commerce,0,1,MAT,1,67,62.79,67,Marketing & HR,63,66,74,1,180000
269,M,0,65,ICSE,0,1,71,ISC,Commerce,61,Commerce,0,0,MAT,1,83,62.28,83,Marketing & Finance,52,70,79,1,300000
273,M,0,55,ICSE,0,1,52,ISC,Commerce,51,Management,0,1,MAT,1,78,54.55,78,Marketing & Finance,50,75,51,1,204000
275,M,0,60,CBSE,1,0,60,CBSE,Commerce,73,Commerce,0,0,MAT,1,83,58.87,83,Marketing & Finance,55,74,68,1,270000
277,F,1,49,Others,0,0,52.2,Others,Commerce,85,Commerce,0,0,MAT,1,74.28,53.29,74.28,Marketing & Finance,50,65,74,0,0
278,M,0,67,Others,0,0,55,Others,Science,75.5,Computer Applications,0,1,MAT,1,78,54.48,78,Marketing & Finance,53,68,77,1,250000
281,M,0,75,Others,0,0,68,Others,Science,68,Computer Applications,0,0,MAT,1,60,61.87,60,Marketing & Finance,61,67,65,0,0
283,F,1,75,Others,0,0,77,Others,Commerce,73,Management,0,0,MAT,1,48,64.19,48,Marketing & HR,58,57,80,1,250000
284,M,0,56.57,Others,0,0,82.66,Others,Commerce,63.9,Commerce,0,1,MAT,1,56.15,65.99,56.15,Marketing & HR,69,58,64,0,0
285,M,0,69,Others,0,0,51,Others,Science,59,Management,0,1,,0,0,58.53,0,Marketing & HR,53,66,55,1,270000
286,F,1,72.2,CBSE,1,0,70.2,CBSE,Science,64.4,Management,0,0,MAT,1,65,62.98,65,Marketing & HR,52,58,75,1,200000
287,M,0,55,ICSE,0,1,68,Others,Science,71,Science,0,1,MAT,1,86,56.09,86,Marketing & HR,58,65,58,0,0
288,M,0,78,Others,0,0,73,Others,Commerce,68,Commerce,0,0,MAT,1,49,64.79,49,Marketing & Finance,73,70,73,1,250000
289,M,0,74.5,CBSE,1,0,58,CBSE,Science,58,Management,0,0,,0,0,53.42,0,Marketing & IB,56,60,56,1,250000
290,M,0,58,Others,0,0,59,Others,Commerce,48,Commerce,0,0,MAT,1,79,54.01,79,Marketing & Finance,54,78,54,1,250000
292,M,0,47,CBSE,1,0,63,CBSE,Arts,57,Management,0,2,MAT,1,64.25,58.54,64.25,Marketing & HR,54,62,52,1,180000
293,M,0,63.33,Others,0,0,51,Others,Commerce,58.7,Commerce,0,2,,0,0,69.67,0,Marketing & Finance,62,65,81,1,400000
294,M,0,60.2,CBSE,1,0,56.4,CBSE,Commerce,58.8,Management,0,1,MAT,1,93.4,57.34,93.4,Marketing & Finance,60,68,57,1,270000
295,M,0,63.68,Others,0,0,58.19,Others,Commerce,72.24,Commerce,0,0,MAT,1,36.56,66.18,36.56,Marketing & Finance,71,73,63,0,0
297,M,0,59,Others,0,0,58,Others,Commerce,59,Management,0,0,G-MAT,1,0,59.81,0,Marketing & HR,53,66,78,1,270000
298,M,0,77,Others,0,0,49.5,Others,Science,64,Management,0,0,MAT,1,50.53,59.5,50.53,Marketing & Finance,70,59,56,1,450000
302,F,1,51,CBSE,1,0,52,Others,Commerce,50,Management,0,0,MAT,1,55,57.9,55,Marketing & HR,66,69,77,1,220000
303,M,0,80,Others,0,0,69,Others,Science,62,Management,0,0,MAT,1,68.92,58.46,68.92,Marketing & HR,56,64,71,1,275000
304,M,0,69,Others,0,0,75,CBSE,Commerce,49,Commerce,0,1,MAT,1,75,60.77,75,Marketing & Finance,61,73,62,1,300000
306,M,0,77,Others,0,0,68,Others,Commerce,73,Commerce,0,0,MAT,1,61,58.78,61,Marketing & Finance,52,68,74,1,240000
308,F,1,46,CBSE,1,0,62,CBSE,Commerce,58,Management,0,0,,0,0,57.83,0,Marketing & Finance,54,78,65,1,240000
309,M,0,79,CBSE,1,0,65,CBSE,Commerce,65,Management,0,0,MAT,1,44.56,64.75,44.56,Marketing & Finance,64,67,66,1,240000
311,F,1,73,Others,0,0,74,Others,Science,56,Management,0,0,K-MAT,1,96,61.41,96,Marketing & Finance,69,68,70,1,336000
312,M,0,72.64,Others,0,0,47.34,Others,Science,83.33,Computer Applications,0,0,CAT,1,73,65.8,73,Marketing & HR,72,75,78,1,360000
317,M,0,67.7,Others,0,0,54,Others,Science,59,Management,0,0,MAT,1,40,58.95,40,Marketing & HR,53,60,58,1,263000
318,M,0,65,ICSE,0,1,65,ISC,Science,75,Computer Applications,0,0,K-MAT,1,93,63.94,93,Marketing & HR,73,73,56,0,0
320,F,1,70,Others,0,0,50,Others,Science,60,Management,0,0,MAT,1,53.7,56.86,53.7,Marketing & HR,53,63,56,1,240000
321,M,0,52,Others,0,0,62,Others,Arts,66,Management,0,1,MAT,1,50.48,77.89,50.48,Marketing & Finance,82,80,68,1,236000
323,M,0,74,CBSE,1,0,69,CBSE,Science,64,Management,0,1,MAT,1,60,61.9,60,Marketing & HR,59,75,79,0,0
324,F,1,61,CBSE,1,0,54,CBSE,Commerce,69,Management,0,0,MAT,1,58,64.36,58,Marketing & HR,60,63,71,1,210000
325,M,0,52,CBSE,1,0,55,CBSE,Science,68,Others,0,1,,0,0,59.99,0,Marketing & HR,50,64,64,1,290000
326,M,0,79,CBSE,1,0,59,CBSE,Science,60,Science,0,1,MAT,1,67,62.14,67,Marketing & Finance,54,78,62,1,252000
331,M,0,54,CBSE,1,0,59.2,CBSE,Commerce,49.2,Commerce,0,0,,0,0,52.32,0,Marketing & Finance,52,64,50,0,0
332,F,1,71,ICSE,0,1,52,Others,Science,65,Management,0,0,MAT,1,78,65.56,78,Marketing & HR,66,84,77,1,216000
333,F,1,76,ICSE,0,1,82,ISC,Commerce,70.8,Commerce,0,1,,0,0,69.52,0,Marketing & Finance,69,74,71,1,366000
336,M,0,53.3,CBSE,1,0,57.5,ISC,Commerce,59.7,Management,0,0,,0,0,56.11,0,Marketing & HR,57,70,71,1,550000
337,F,1,67,CBSE,1,0,48,Others,Science,65,Management,0,0,MAT,1,55.6,65.63,55.6,Marketing & HR,66,78,62,1,200000
339,M,0,60,Others,0,0,52.8,Others,Science,73.25,Computer Applications,0,1,MAT,1,55,51.58,55,Marketing & Finance,53,52,58,1,180000
340,M,0,55,Others,0,0,52,Others,Commerce,54.2,Management,0,0,CAT,1,20,55.83,20,Marketing & Finance,54,63,68,0,0
342,M,0,66.08,Others,0,0,53,Others,Science,56,Engineering,1,0,MAT,1,71,65.69,71,Marketing & Finance,58,75,73,1,180000
343,M,0,82.6,CBSE,1,0,64,CBSE,Science,56,Management,0,1,PGCET,1,0,68.85,0,Marketing & Finance,71,76,60,1,400000
344,F,1,84,Others,0,0,77,Others,Commerce,80,Commerce,0,0,,0,0,66.61,0,Marketing & Finance,70,77,83,1,216000
346,M,0,68,Others,0,0,50,Others,Commerce,50,Commerce,0,0,MAT,1,84,52.64,84,Marketing & HR,50,62,56,1,300000
347,M,0,69,CBSE,1,0,54,Others,Science,64,Management,0,0,MAT,1,74,57.99,74,Marketing & Finance,50,66,60,1,268000
349,F,1,55,ICSE,0,1,69,ISC,Commerce,65,Commerce,0,0,MAT,1,55,62.93,55,Marketing & Finance,50,75,66,0,0
350,F,1,79,Others,0,0,59,Others,Science,71,Engineering,1,1,MAT,1,96,71.77,96,Marketing & Finance,68,72,79,1,250000
351,M,0,74,Others,0,0,85,Others,Commerce,60,Commerce,0,0,MAT,1,58.89,60.36,58.89,Marketing & Finance,64,67,63,0,0
353,F,1,61,ICSE,0,1,76,ISC,Arts,48,Arts,0,0,MAT,1,79,63.91,79,Marketing & HR,56,61,60,1,216000
356,F,1,56,ICSE,0,1,74.6,ISC,Commerce,60.2,Commerce,0,2,,0,0,63.53,0,Marketing & Finance,65,76,80,0,0
359,M,0,68,CBSE,1,0,75,Others,Commerce,61,Commerce,0,2,MAT,1,95.46,62.16,95.46,Marketing & Finance,62,72,73,1,420000
360,M,0,72,Others,0,0,78,Others,Commerce,66.63,Engineering,1,0,,0,0,52.91,0,Marketing & Finance,50,61,59,1,240000
361,M,0,70,Others,0,0,68,Others,Commerce,68,Commerce,0,0,,0,0,63.36,0,Marketing & Finance,66,70,65,1,250000
364,M,0,80,Others,0,0,80,Others,Commerce,64,Management,0,1,,0,0,69.08,0,Marketing & Finance,70,74,73,1,300000
368,M,0,57,CBSE,1,0,62.4,CBSE,Commerce,48,Commerce,0,1,MAT,1,66.6,56.75,66.6,Marketing & Finance,52,71,69,1,156000
369,M,0,67,CBSE,1,0,50,CBSE,Commerce,52,Commerce,0,0,MAT,1,76,54.96,76,Marketing & HR,50,63,59,1,150000
370,M,0,62,Others,0,0,53,ISC,Science,68,Management,0,0,MAT,1,72,61.01,72,Marketing & Finance,53,72,63,1,264000
373,F,1,78.5,ICSE,0,1,70.5,Others,Commerce,65,Commerce,0,0,MAT,1,93.91,69.03,93.91,Marketing & Finance,70,73,80,1,150000
374,M,0,66.4,Others,0,0,72,Others,Commerce,57,Management,0,0,MAT,1,60,61.63,60,Marketing & IB,73,73,54,1,240000
375,M,0,54,CBSE,1,0,47,CBSE,Commerce,59,Management,0,0,MAT,1,64,51.45,64,Marketing & Finance,64,63,56,0,0
376,F,1,68.3,ICSE,0,1,86.33,Others,Commerce,80,Management,0,0,MAT,1,80,74.56,80,Marketing & Finance,71,74,77,0,0
377,M,0,70,CBSE,1,0,76,CBSE,Commerce,68,Management,0,0,MAT,1,91.34,61.29,91.34,Marketing & Finance,63,63,75,1,231000
378,M,0,66.3,Others,0,0,83.5,Others,Science,70,Science,0,0,CAT,1,65,60.95,65,Marketing & Finance,52,76,62,1,300000
379,F,1,77,Others,0,0,82,Others,Commerce,75,Commerce,0,0,CAT,1,60,66.63,60,Marketing & Finance,64,77,62,1,350000
383,F,1,68.96,Others,0,0,76,Others,Commerce,63,Management,0,0,MAT,1,72.15,63.08,72.15,Marketing & Finance,79,66,54,1,280000
384,M,0,47.68,Others,0,0,53.33,Others,Commerce,50.87,Management,0,0,MAT,1,66,58.3,66,Marketing & HR,50,59,50,1,260000
386,M,0,70,CBSE,1,0,75,CBSE,Commerce,60,Commerce,0,0,MAT,1,77,51.29,77,Marketing & Finance,60,56,52,0,0
388,M,0,62,Others,0,0,63,Others,Commerce,58,Commerce,0,1,MAT,1,74.4,53.49,74.4,Marketing & HR,60,67,61,1,300000
391,M,0,65.92,Others,0,0,52.5,Others,Science,63.26,Management,0,0,K-MAT,1,89.95,67.54,89.95,Marketing & HR,81,71,62,1,320000
